Request Id,Remark,Behavior Id
temp1,Request found and matched,31674709;31674710
temp2,Request found but not matched,
temp3,Request found and matched,31674709;31674710
temp4,Request found but not matched,
temp5,Request not found,
temp6,Request found and matched,31674709;31674710
temp7,Request found but not matched,
temp8,Request not found,
temp9,Request found and matched,31674709;31674710
temp10,Request found but not matched,
temp11,Request not found,
temp12,Request found and matched,31674709;31674710
temp13,Request found but not matched,
temp14,Request not found,
temp15,Request found and matched,31674709;31674710